id,conversation_id,created_at,date,time,user_id,tweet,language,hashtags,reply_to,tokenized_text,translated_tokenized_text
1633226027211313152,1633226027211313152,2023-03-08 06:00:03 Malay Peninsula Standard Time,2023-03-08,06:00:03,2612088308,"How ChatGPT, Bard And AI Rivals Are Shaping Layoffs And Hiring  https://t.co/yaFB1QI9lQ  via @Forbes #ChatGPT #AI #Leadership",en,"['chatgpt', 'ai', 'leadership']",[],"['How', 'ChatGPT', ',', 'Bard', 'And', 'AI', 'Rivals', 'Are', 'Shaping', 'Layoffs', 'And', 'Hiring', 'https://t.co/yaFB1QI9lQ', 'via', '@Forbes', '#ChatGPT', '#AI', '#Leadership']","['How', 'ChatGPT', ',', 'Bard', 'And', 'AI', 'Rivals', 'Are', 'Shaping', 'Layoffs', 'And', 'Hiring', 'https://t.co/yaFB1QI9lQ', 'via', '@Forbes', '#ChatGPT', '#AI', '#Leadership']"
1633226021951643648,1633226021951643648,2023-03-08 06:00:02 Malay Peninsula Standard Time,2023-03-08,06:00:02,48368621,#Microsoft Bundles Its App Artificial Intelligence With #ChatGPT  https://t.co/SzJtqCt3xr,en,"['microsoft', 'chatgpt']",[],"['#Microsoft', 'Bundles', 'Its', 'App', 'Artificial', 'Intelligence', 'With', '#ChatGPT', 'https://t.co/SzJtqCt3xr']","['#Microsoft', 'Bundles', 'Its', 'App', 'Artificial', 'Intelligence', 'With', '#ChatGPT', 'https://t.co/SzJtqCt3xr']"
1633226018029809667,1633226018029809664,2023-03-08 06:00:01 Malay Peninsula Standard Time,2023-03-08,06:00:01,1097499766064263168,ï¼¼ChatGPTã§ãƒã‚¯ãƒ­é–‹ç™ºï¼ âœ…ã€ãƒ‘ãƒ¯ãƒVBAã€‘æŒ‡å®šãƒ•ã‚©ãƒ«ãƒ€ã®ç”»åƒã‚’å„ã‚¹ãƒ©ã‚¤ãƒ‰ã«ä¸€æ‹¬æŒ¿å…¥ã™ã‚‹ãƒã‚¯ãƒ­ ğŸ’» https://t.co/YSztw524ml  #PowerPoint #ãƒ‘ãƒ¯ãƒ¼ãƒã‚¤ãƒ³ãƒˆ #vba #ChatGPT  https://t.co/QUF6hJNKrN,ja,"['powerpoint', 'ãƒ‘ãƒ¯ãƒ¼ãƒã‚¤ãƒ³ãƒˆ', 'vba', 'chatgpt']",[],"['ï¼¼', 'ChatGPTã§ãƒã‚¯ãƒ­é–‹ç™º', 'ï¼', 'âœ…', 'ã€', 'ãƒ‘ãƒ¯ãƒVBA', 'ã€‘', 'æŒ‡å®šãƒ•ã‚©ãƒ«ãƒ€ã®ç”»åƒã‚’å„ã‚¹ãƒ©ã‚¤ãƒ‰ã«ä¸€æ‹¬æŒ¿å…¥ã™ã‚‹ãƒã‚¯ãƒ­', 'ğŸ’»', 'https://t.co/YSztw524ml', '#PowerPoint', '#ãƒ‘ãƒ¯ãƒ¼ãƒã‚¤ãƒ³ãƒˆ', '#vba', '#ChatGPT', 'https://t.co/QUF6hJNKrN']","['ï¼¼', 'Macro development with ChatGPT', 'ï¼', 'âœ…', 'ã€', 'PowerPoint VBA', 'ã€‘', 'Macro to bulk insert pictures from a specified folder into each slide', 'ğŸ’»', '#PowerPoint', '#ãƒ‘ãƒ¯ãƒ¼ãƒã‚¤ãƒ³ãƒˆ', '#vba', '#ChatGPT']"
1633226010555748352,1633226010555748352,2023-03-08 05:59:59 Malay Peninsula Standard Time,2023-03-08,05:59:59,904376285635465217,"Unless youâ€™ve been living under a rock, youâ€™ve heard of the breakthrough technology that is ChatGPT. However, #ChatGPT in itself is just the tip of the iceberg.  Learn how ChatGPT changes the #Cybersecurity landscape:  https://t.co/ShMYyECRLb  #Appsec #cybersec #InfoSec",en,"['chatgpt', 'cybersecurity', 'appsec', 'cybersec', 'infosec']",[],"['Unless', 'you', 'â€™', 've', 'been', 'living', 'under', 'a', 'rock', ',', 'you', 'â€™', 've', 'heard', 'of', 'the', 'breakthrough', 'technology', 'that', 'is', 'ChatGPT', '.', 'However', ',', '#ChatGPT', 'in', 'itself', 'is', 'just', 'the', 'tip', 'of', 'the', 'iceberg', '.', 'Learn', 'how', 'ChatGPT', 'changes', 'the', '#Cybersecurity', 'landscape', ':', 'https://t.co/ShMYyECRLb', '#Appsec', '#cybersec', '#InfoSec']","['Unless', 'you', 'â€™', 've', 'been', 'living', 'under', 'a', 'rock', ',', 'you', 'â€™', 've', 'heard', 'of', 'the', 'breakthrough', 'technology', 'that', 'is', 'ChatGPT', '.', 'However', ',', '#ChatGPT', 'in', 'itself', 'is', 'just', 'the', 'tip', 'of', 'the', 'iceberg', '.', 'Learn', 'how', 'ChatGPT', 'changes', 'the', '#Cybersecurity', 'landscape', ':', 'https://t.co/ShMYyECRLb', '#Appsec', '#cybersec', '#InfoSec']"
1633225993602191361,1633225993602191360,2023-03-08 05:59:55 Malay Peninsula Standard Time,2023-03-08,05:59:55,501671592,Enquanto isso no ChatGPT...   #direitodefamÃ­lia #chatgpt #divorcio #pensaoalimenticia #guardacompartilhada #aliencaoparental #partilhadebens #inventario #planejamentosucessorio #advogadas #mulheres #empoderamentofeminino #agoraequesaoelas #souverdadeira #elas #direitocivil #sp  https://t.co/WYP5sV9jjg,pt,"['direitodefamÃ­lia', 'chatgpt', 'divorcio', 'pensaoalimenticia', 'guardacompartilhada', 'aliencaoparental', 'partilhadebens', 'inventario', 'planejamentosucessorio', 'advogadas', 'mulheres', 'empoderamentofeminino', 'agoraequesaoelas', 'souverdadeira', 'elas', 'direitocivil', 'sp']",[],"['Enquanto', 'isso', 'no', 'ChatGPT', '...', '#direitodefamÃ­lia', '#chatgpt', '#divorcio', '#pensaoalimenticia', '#guardacompartilhada', '#aliencaoparental', '#partilhadebens', '#inventario', '#planejamentosucessorio', '#advogadas', '#mulheres', '#empoderamentofeminino', '#agoraequesaoelas', '#souverdadeira', '#elas', '#direitocivil', '#sp', 'https://t.co/WYP5sV9jjg']","['While', 'Right', 'No', 'ChatGPT', '...', '#direitodefamÃ­lia', '#chatgpt', '#divorcio', '#pensaoalimenticia', '#guardacompartilhada', '#aliencaoparental', '#partilhadebens', '#inventario', '#planejamentosucessorio', '#advogadas', '#mulheres', '#empoderamentofeminino', '#agoraequesaoelas', '#souverdadeira', '#elas', '#direitocivil', '#sp']"
1633225954830024704,1633225954830024704,2023-03-08 05:59:46 Malay Peninsula Standard Time,2023-03-08,05:59:46,1322341857175785473,Ø§Ø°Ø§ Ù…Ø±Ù‡ Ø¹Ø¬Ø¨Ùƒ ÙÙƒØ±Ø© #ChatGPT Ø§ØªÙØ¶Ù„ Ù‡Ø°ÙŠ Ø¹ÙŠØ§Ø¯Ø© (AI) ØªÙƒØªØ¨ ÙÙŠÙ‡ Ø§Ù„Ø§Ø¹Ø±Ø§Ø¶ Ø§Ù„Ø§ Ø¹Ù†Ø¯Ùƒ  ÙˆØ¨Ø¯ÙˆØ±Ù‡ ÙŠØ³ØªØ®Ø¯Ù… Ø§Ù„Ø°ÙƒØ§Ø¡ Ø§Ù„Ø§ØµØ·Ù†Ø§Ø¹ÙŠ ÙˆØªØ­Ù„ÙŠÙ„ Ø¨ÙŠÙ†Ø§Øª ÙˆÙŠØ´Ø®Øµ Ù…Ø±Ø¶Ùƒ  Ø¬Ø±Ø¨Ù‡ ÙˆÙ‚Ù„ÙŠ Ø§ÙŠØ´ Ø±Ø§ÙŠÙƒ    https://t.co/mnMRtopewp,ar,['chatgpt'],[],"['Ø§Ø°Ø§', 'Ù…Ø±Ù‡', 'Ø¹Ø¬Ø¨Ùƒ', 'ÙÙƒØ±Ø©', '#ChatGPT', 'Ø§ØªÙØ¶Ù„', 'Ù‡Ø°ÙŠ', 'Ø¹ÙŠØ§Ø¯Ø©', '(', 'AI', ')', 'ØªÙƒØªØ¨', 'ÙÙŠÙ‡', 'Ø§Ù„Ø§Ø¹Ø±Ø§Ø¶', 'Ø§Ù„Ø§', 'Ø¹Ù†Ø¯Ùƒ', 'ÙˆØ¨Ø¯ÙˆØ±Ù‡', 'ÙŠØ³ØªØ®Ø¯Ù…', 'Ø§Ù„Ø°ÙƒØ§Ø¡', 'Ø§Ù„Ø§ØµØ·Ù†Ø§Ø¹ÙŠ', 'ÙˆØªØ­Ù„ÙŠÙ„', 'Ø¨ÙŠÙ†Ø§Øª', 'ÙˆÙŠØ´Ø®Øµ', 'Ù…Ø±Ø¶Ùƒ', 'Ø¬Ø±Ø¨Ù‡', 'ÙˆÙ‚Ù„ÙŠ', 'Ø§ÙŠØ´', 'Ø±Ø§ÙŠÙƒ', 'https://t.co/mnMRtopewp']","['if', 'Time', 'you like it', 'idea', '#ChatGPT', 'Please go ahead', 'That', 'clinic', '(', '.AI', ')', 'Write', 'Are there', 'Symptoms', 'Only', 'You have', 'In turn', 'utilise', 'wits', 'Artificial', 'and analysis', 'Sights.', 'Diagnoses', 'Illness', 'Djerba', 'And he told me', 'Ish', 'About']"
1633225904666161152,1633225904666161152,2023-03-08 05:59:34 Malay Peninsula Standard Time,2023-03-08,05:59:34,1605221195258937347,"Wired becomes first news outlet to publish official policy on using AI-generated content, including guidelines &amp; restrictions. #GenerativeAI #OpenAi #ChatGPT #AI #WiredAI  https://t.co/V3el2tNT5y",en,"['generativeai', 'openai', 'chatgpt', 'ai', 'wiredai']",[],"['Wired', 'becomes', 'first', 'news', 'outlet', 'to', 'publish', 'official', 'policy', 'on', 'using', 'AI-generated', 'content', ',', 'including', 'guidelines', '&', 'restrictions', '.', '#GenerativeAI', '#OpenAi', '#ChatGPT', '#AI', '#WiredAI', 'https://t.co/V3el2tNT5y']","['Wired', 'becomes', 'first', 'news', 'outlet', 'to', 'publish', 'official', 'policy', 'on', 'using', 'AI-generated', 'content', ',', 'including', 'guidelines', '&', 'restrictions', '.', '#GenerativeAI', '#OpenAi', '#ChatGPT', '#AI', '#WiredAI', 'https://t.co/V3el2tNT5y']"
1633225853885730821,1633225853885730816,2023-03-08 05:59:22 Malay Peninsula Standard Time,2023-03-08,05:59:22,291575594,"I think we're on our way to build the perfect AI for mankind. It won't be belligerent, overpower us or ignore us. It will just entertain us: we'll be happy, passive and in awe. We'll let AI be the adult, while we devolve into childhood: worry-free, fed, and entertained. #ChatGPT",en,['chatgpt'],[],"['I', 'think', ""we're"", 'on', 'our', 'way', 'to', 'build', 'the', 'perfect', 'AI', 'for', 'mankind', '.', 'It', ""won't"", 'be', 'belligerent', ',', 'overpower', 'us', 'or', 'ignore', 'us', '.', 'It', 'will', 'just', 'entertain', 'us', ':', ""we'll"", 'be', 'happy', ',', 'passive', 'and', 'in', 'awe', '.', ""We'll"", 'let', 'AI', 'be', 'the', 'adult', ',', 'while', 'we', 'devolve', 'into', 'childhood', ':', 'worry-free', ',', 'fed', ',', 'and', 'entertained', '.', '#ChatGPT']","['I', 'think', ""we're"", 'on', 'our', 'way', 'to', 'build', 'the', 'perfect', 'AI', 'for', 'mankind', '.', 'It', ""won't"", 'be', 'belligerent', ',', 'overpower', 'us', 'or', 'ignore', 'us', '.', 'It', 'will', 'just', 'entertain', 'us', ':', ""we'll"", 'be', 'happy', ',', 'passive', 'and', 'in', 'awe', '.', ""We'll"", 'let', 'AI', 'be', 'the', 'adult', ',', 'while', 'we', 'devolve', 'into', 'childhood', ':', 'worry-free', ',', 'fed', ',', 'and', 'entertained', '.', '#ChatGPT']"
1633225849611730946,1633225849611730944,2023-03-08 05:59:21 Malay Peninsula Standard Time,2023-03-08,05:59:21,2798816131,#ChatGPT is for babies,en,['chatgpt'],[],"['#ChatGPT', 'is', 'for', 'babies']","['#ChatGPT', 'is', 'for', 'babies']"
1633225765314756608,1633225765314756608,2023-03-08 05:59:00 Malay Peninsula Standard Time,2023-03-08,05:59:00,902612005650968576,"Generative AI categories you need to know ğŸ‘‡  AI Text to Text: #ChatGPT by @OpenAI, #Bard by @Google  AI Text to Image: @StabilityAI or #Lensa by Prisma Labs, Inc.  AI Text to Animation: Krikey AI (try it here:  https://t.co/OApEQr4DQJ)  #ai #genai #animation #womeninbusiness #xr",en,"['chatgpt', 'bard', 'lensa', 'ai', 'genai', 'animation', 'womeninbusiness', 'xr']",[],"['Generative', 'AI', 'categories', 'you', 'need', 'to', 'know', 'ğŸ‘‡', 'AI', 'Text', 'to', 'Text', ':', '#ChatGPT', 'by', '@OpenAI', ',', '#Bard', 'by', '@Google', 'AI', 'Text', 'to', 'Image', ':', '@StabilityAI', 'or', '#Lensa', 'by', 'Prisma', 'Labs', ',', 'Inc', '.', 'AI', 'Text', 'to', 'Animation', ':', 'Krikey', 'AI', '(', 'try', 'it', 'here', ':', 'https://t.co/OApEQr4DQJ', ')', '#ai', '#genai', '#animation', '#womeninbusiness', '#xr']","['Generative', 'AI', 'categories', 'you', 'need', 'to', 'know', 'ğŸ‘‡', 'AI', 'Text', 'to', 'Text', ':', '#ChatGPT', 'by', '@OpenAI', ',', '#Bard', 'by', '@Google', 'AI', 'Text', 'to', 'Image', ':', '@StabilityAI', 'or', '#Lensa', 'by', 'Prisma', 'Labs', ',', 'Inc', '.', 'AI', 'Text', 'to', 'Animation', ':', 'Krikey', 'AI', '(', 'try', 'it', 'here', ':', 'https://t.co/OApEQr4DQJ', ')', '#ai', '#genai', '#animation', '#womeninbusiness', '#xr']"
1633225647299477505,1633225647299477504,2023-03-08 05:58:32 Malay Peninsula Standard Time,2023-03-08,05:58:32,14868486,"Suffered a #malware attack (fake #ChatGPT Windows app advertised on Facebook) that hijacked my #Facebook account and got it banned. @facebook please help. The ""Lily Collins"" profile isn't me. I have NEVER violated community standards.",en,"['malware', 'chatgpt', 'facebook']",[],"['Suffered', 'a', '#malware', 'attack', '(', 'fake', '#ChatGPT', 'Windows', 'app', 'advertised', 'on', 'Facebook', ')', 'that', 'hijacked', 'my', '#Facebook', 'account', 'and', 'got', 'it', 'banned', '.', '@facebook', 'please', 'help', '.', 'The', '""', 'Lily', 'Collins', '""', 'profile', ""isn't"", 'me', '.', 'I', 'have', 'NEVER', 'violated', 'community', 'standards', '.']","['Suffered', 'a', '#malware', 'attack', '(', 'fake', '#ChatGPT', 'Windows', 'app', 'advertised', 'on', 'Facebook', ')', 'that', 'hijacked', 'my', '#Facebook', 'account', 'and', 'got', 'it', 'banned', '.', '@facebook', 'please', 'help', '.', 'The', '""', 'Lily', 'Collins', '""', 'profile', ""isn't"", 'me', '.', 'I', 'have', 'NEVER', 'violated', 'community', 'standards', '.']"
1633225576998912000,1633225576998912000,2023-03-08 05:58:16 Malay Peninsula Standard Time,2023-03-08,05:58:16,2908107542,Early thoughts on regulating generative #AI like #ChatGPT   #GenerativeAI #ESG #Regulatory cc @virginieoshea @andrewvorster @MatthewSekol    https://t.co/yFU2Cm9RWO via @BrookingsInst  https://t.co/IlYJzZbMep,en,"['ai', 'chatgpt', 'generativeai', 'esg', 'regulatory']",[],"['Early', 'thoughts', 'on', 'regulating', 'generative', '#AI', 'like', '#ChatGPT', '#GenerativeAI', '#ESG', '#Regulatory', 'cc', '@virginieoshea', '@andrewvorster', '@MatthewSekol', 'https://t.co/yFU2Cm9RWO', 'via', '@BrookingsInst', 'https://t.co/IlYJzZbMep']","['Early', 'thoughts', 'on', 'regulating', 'generative', '#AI', 'like', '#ChatGPT', '#GenerativeAI', '#ESG', '#Regulatory', 'cc', '@virginieoshea', '@andrewvorster', '@MatthewSekol', 'https://t.co/yFU2Cm9RWO', 'via', '@BrookingsInst', 'https://t.co/IlYJzZbMep']"
1633225558535335938,1633225558535335936,2023-03-08 05:58:11 Malay Peninsula Standard Time,2023-03-08,05:58:11,1264692580056551424,"Amigos, les comparto mi primer cuento infantil hecho con #iA  utilizando #ChatGPT  #canva , gracias al tutorial de @Sdesalvaje  EcoLib, Historias y cuentos infantiles, enfocados al cuidado y conservaciÃ³n del medio ambiente, los recursos naturales, los animales y la madre tierra..",es,"['ia', 'chatgpt', 'canva']",[],"['Amigos', ',', 'les', 'comparto', 'mi', 'primer', 'cuento', 'infantil', 'hecho', 'con', '#iA', 'utilizando', '#ChatGPT', '#canva', ',', 'gracias', 'al', 'tutorial', 'de', '@Sdesalvaje', 'EcoLib', ',', 'Historias', 'y', 'cuentos', 'infantiles', ',', 'enfocados', 'al', 'cuidado', 'y', 'conservaciÃ³n', 'del', 'medio', 'ambiente', ',', 'los', 'recursos', 'naturales', ',', 'los', 'animales', 'y', 'la', 'madre', 'tierra', '..']","['Friends', ',', 'the', 'Compartment', 'me', 'first', 'story', 'childish', 'fact', 'with', '#iA', 'Using', '#ChatGPT', '#canva', ',', 'Thank you', 'to the', 'tutorial', 'of', '@Sdesalvaje', 'EcoLib', ',', 'Stories', 'and', 'Stories', 'Children', ',', 'Focused', 'to the', 'care', 'and', 'conservation', 'of the', 'middle', 'environment', ',', 'the', 'Resources', 'Natural', ',', 'the', 'animals', 'and', 'the', 'mother', 'earth', '..']"
1633225416617119745,1633225416617119744,2023-03-08 05:57:37 Malay Peninsula Standard Time,2023-03-08,05:57:37,364155882,in 15 minutes  New token will start working from the company  ChatGPT #ChatGPT #GPTChat  #Crypto #Token #Coin #Coin to the Future  invest  https://t.co/uevnTe8CD0  https://t.co/vOtYQLWWWt,en,"['chatgpt', 'gptchat', 'crypto', 'token', 'coin', 'coin']",[],"['in', '15', 'minutes', 'New', 'token', 'will', 'start', 'working', 'from', 'the', 'company', 'ChatGPT', '#ChatGPT', '#GPTChat', '#Crypto', '#Token', '#Coin', '#Coin', 'to', 'the', 'Future', 'invest', 'https://t.co/uevnTe8CD0', 'https://t.co/vOtYQLWWWt']","['in', '15', 'minutes', 'New', 'token', 'will', 'start', 'working', 'from', 'the', 'company', 'ChatGPT', '#ChatGPT', '#GPTChat', '#Crypto', '#Token', '#Coin', '#Coin', 'to', 'the', 'Future', 'invest', 'https://t.co/uevnTe8CD0', 'https://t.co/vOtYQLWWWt']"
1633225249780293633,1633225249780293632,2023-03-08 05:56:58 Malay Peninsula Standard Time,2023-03-08,05:56:58,1626125482378027008,"Attn: AI tool creators! Excited to roll this out. You can now login &amp; claim your product. This will allow you to edit the name &amp; description, plus you'll get a verified check next to your name. Check it out!  https://t.co/UVXQKQwgKW  #ai #aitool #ml #nlp #chatgpt #aibot #aichat  https://t.co/c8zsrQPHDq",en,"['ai', 'aitool', 'ml', 'nlp', 'chatgpt', 'aibot', 'aichat']",[],"['Attn', ':', 'AI', 'tool', 'creators', '!', 'Excited', 'to', 'roll', 'this', 'out', '.', 'You', 'can', 'now', 'login', '&', 'claim', 'your', 'product', '.', 'This', 'will', 'allow', 'you', 'to', 'edit', 'the', 'name', '&', 'description', ',', 'plus', ""you'll"", 'get', 'a', 'verified', 'check', 'next', 'to', 'your', 'name', '.', 'Check', 'it', 'out', '!', 'https://t.co/UVXQKQwgKW', '#ai', '#aitool', '#ml', '#nlp', '#chatgpt', '#aibot', '#aichat', 'https://t.co/c8zsrQPHDq']","['Attn', ':', 'AI', 'tool', 'creators', '!', 'Excited', 'to', 'roll', 'this', 'out', '.', 'You', 'can', 'now', 'login', '&', 'claim', 'your', 'product', '.', 'This', 'will', 'allow', 'you', 'to', 'edit', 'the', 'name', '&', 'description', ',', 'plus', ""you'll"", 'get', 'a', 'verified', 'check', 'next', 'to', 'your', 'name', '.', 'Check', 'it', 'out', '!', 'https://t.co/UVXQKQwgKW', '#ai', '#aitool', '#ml', '#nlp', '#chatgpt', '#aibot', '#aichat', 'https://t.co/c8zsrQPHDq']"
1633225235851022336,1633225235851022336,2023-03-08 05:56:54 Malay Peninsula Standard Time,2023-03-08,05:56:54,1633206536079294464,#1HowtoOutTrade #ChatGPT,qht,"['1howtoouttrade', 'chatgpt']",[],"['#1HowtoOutTrade', '#ChatGPT']","['#1HowtoOutTrade', '#ChatGPT']"
1633225203009597440,1633225203009597440,2023-03-08 05:56:46 Malay Peninsula Standard Time,2023-03-08,05:56:46,1188451480652546048,ã¯ã„ã€åˆ†ã‹ã‚Šã¾ã—ãŸ #ã™ã‚“ãŸã®ç°¿è¨˜3ç´š #ChatGPT  https://t.co/TofHCbVrL4,ja,"['ã™ã‚“ãŸã®ç°¿è¨˜3ç´š', 'chatgpt']",[],"['ã¯ã„', 'ã€', 'åˆ†ã‹ã‚Šã¾ã—ãŸ', '#ã™ã‚“ãŸã®ç°¿è¨˜3ç´š', '#ChatGPT', 'https://t.co/TofHCbVrL4']","['Yes', 'ã€', 'I understand', '#ã™ã‚“ãŸã®ç°¿è¨˜3ç´š', '#ChatGPT']"
1633225032993484801,1633225032993484800,2023-03-08 05:56:06 Malay Peninsula Standard Time,2023-03-08,05:56:06,21733688,Anyone with access to Bing Chat starting to see ads? #bing #chatgpt #ai  https://t.co/r7LWyUszGG,en,"['bing', 'chatgpt', 'ai']",[],"['Anyone', 'with', 'access', 'to', 'Bing', 'Chat', 'starting', 'to', 'see', 'ads', '?', '#bing', '#chatgpt', '#ai', 'https://t.co/r7LWyUszGG']","['Anyone', 'with', 'access', 'to', 'Bing', 'Chat', 'starting', 'to', 'see', 'ads', '?', '#bing', '#chatgpt', '#ai', 'https://t.co/r7LWyUszGG']"
1633225005394718720,1633225005394718720,2023-03-08 05:55:59 Malay Peninsula Standard Time,2023-03-08,05:55:59,195633470,MÃ¡s allÃ¡ de ChatGPT:   14 herramientas de Inteligencia Artificial que todos deberÃ­an probar   #iA #InteligenciaArtificial #innovacion #Negocios #productividad #ChatGPT    https://t.co/PEdRS02USY,es,"['ia', 'inteligenciaartificial', 'innovacion', 'negocios', 'productividad', 'chatgpt']",[],"['MÃ¡s', 'allÃ¡', 'de', 'ChatGPT', ':', '14', 'herramientas', 'de', 'Inteligencia', 'Artificial', 'que', 'todos', 'deberÃ­an', 'probar', '#iA', '#InteligenciaArtificial', '#innovacion', '#Negocios', '#productividad', '#ChatGPT', 'https://t.co/PEdRS02USY']","['More', 'there', 'of', 'ChatGPT', ':', 'Fourteen', 'tools', 'of', 'Intelligence', 'Artificial', 'What', 'all', 'Should', 'try', '#iA', '#InteligenciaArtificial', '#innovacion', '#Negocios', '#productividad', '#ChatGPT']"
1633224947345817601,1633224947345817600,2023-03-08 05:55:45 Malay Peninsula Standard Time,2023-03-08,05:55:45,1529076301126066177,"Many camels in desert regions can go for days without drinking water, getting most of their hydration from their food instead.  #ChatGPT",en,['chatgpt'],[],"['Many', 'camels', 'in', 'desert', 'regions', 'can', 'go', 'for', 'days', 'without', 'drinking', 'water', ',', 'getting', 'most', 'of', 'their', 'hydration', 'from', 'their', 'food', 'instead', '.', '#ChatGPT']","['Many', 'camels', 'in', 'desert', 'regions', 'can', 'go', 'for', 'days', 'without', 'drinking', 'water', ',', 'getting', 'most', 'of', 'their', 'hydration', 'from', 'their', 'food', 'instead', '.', '#ChatGPT']"
1633224945789534210,1633224945789534208,2023-03-08 05:55:45 Malay Peninsula Standard Time,2023-03-08,05:55:45,312037303,"I donâ€™t know if â¦@elonmuskâ© will be relieved about this, but, according to #ChatGPT, Elon Musk didnâ€™t buy Twitter. Heâ€™s free to leave now, I guess.  https://t.co/8gmgsMaRgO",en,['chatgpt'],[],"['I', 'don', 'â€™', 't', 'know', 'if', '\u2066', '@elonmusk', '\u2069', 'will', 'be', 'relieved', 'about', 'this', ',', 'but', ',', 'according', 'to', '#ChatGPT', ',', 'Elon', 'Musk', 'didn', 'â€™', 't', 'buy', 'Twitter', '.', 'He', 'â€™', 's', 'free', 'to', 'leave', 'now', ',', 'I', 'guess', '.', 'https://t.co/8gmgsMaRgO']","['I', 'don', 'â€™', 't', 'know', 'if', '\u2066', '@elonmusk', '\u2069', 'will', 'be', 'relieved', 'about', 'this', ',', 'but', ',', 'according', 'to', '#ChatGPT', ',', 'Elon', 'Musk', 'didn', 'â€™', 't', 'buy', 'Twitter', '.', 'He', 'â€™', 's', 'free', 'to', 'leave', 'now', ',', 'I', 'guess', '.', 'https://t.co/8gmgsMaRgO']"
1633224914357428224,1633224914357428224,2023-03-08 05:55:38 Malay Peninsula Standard Time,2023-03-08,05:55:38,771449220872204288,a quinta sÃ©rie em mim n resistiu kkkk #ChatGPT #GPT  https://t.co/4BvQEtLECe,pt,"['chatgpt', 'gpt']",[],"['a', 'quinta', 'sÃ©rie', 'em', 'mim', 'n', 'resistiu', 'kkkk', '#ChatGPT', '#GPT', 'https://t.co/4BvQEtLECe']","['a', 'fifth', 'series', 'in', '.mim', 'n', 'Resisted', 'kkkk', '#ChatGPT', '#GPT']"
1633224822208462856,1633224822208462848,2023-03-08 05:55:16 Malay Peninsula Standard Time,2023-03-08,05:55:16,2909683096,"CryptoGPT x DAO Public Round Started! âš¡ï¸   We are distributing $500.000 in $BUSD and $DAO as part of an advertising campaign!  á´¡ÊŸ Ê€á´€êœ°êœ°ÊŸá´‡ á´‡É´á´…êœ± ÉªÉ´ 48h ğŸ”—Join us:  https://t.co/ZZL6xuo8sw  $DAO x $GPT Raise detailsğŸ‘‡ Raise: $500,000 (In $BUSD) #Airdrop #ChatGPT #AI #CryptoGPT  https://t.co/8BeVGk0ER2",en,"['airdrop', 'chatgpt', 'ai', 'cryptogpt']",[],"['CryptoGPT', 'x', 'DAO', 'Public', 'Round', 'Started', '!', 'âš¡', 'ï¸', 'We', 'are', 'distributing', '$', '500.000', 'in', '$', 'BUSD', 'and', '$', 'DAO', 'as', 'part', 'of', 'an', 'advertising', 'campaign', '!', 'á´¡ÊŸ', 'Ê€á´€êœ°êœ°ÊŸá´‡', 'á´‡É´á´…êœ±', 'ÉªÉ´', '48h', 'ğŸ”—', 'Join', 'us', ':', 'https://t.co/ZZL6xuo8sw', '$', 'DAO', 'x', '$', 'GPT', 'Raise', 'details', 'ğŸ‘‡', 'Raise', ':', '$', '500,000', '(', 'In', '$', 'BUSD', ')', '#Airdrop', '#ChatGPT', '#AI', '#CryptoGPT', 'https://t.co/8BeVGk0ER2']","['CryptoGPT', 'x', 'DAO', 'Public', 'Round', 'Started', '!', 'âš¡', 'ï¸', 'We', 'are', 'distributing', '$', '500.000', 'in', '$', 'BUSD', 'and', '$', 'DAO', 'as', 'part', 'of', 'an', 'advertising', 'campaign', '!', 'á´¡ÊŸ', 'Ê€á´€êœ°êœ°ÊŸá´‡', 'á´‡É´á´…êœ±', 'ÉªÉ´', '48h', 'ğŸ”—', 'Join', 'us', ':', 'https://t.co/ZZL6xuo8sw', '$', 'DAO', 'x', '$', 'GPT', 'Raise', 'details', 'ğŸ‘‡', 'Raise', ':', '$', '500,000', '(', 'In', '$', 'BUSD', ')', '#Airdrop', '#ChatGPT', '#AI', '#CryptoGPT', 'https://t.co/8BeVGk0ER2']"
1633224649285804035,1633224649285804032,2023-03-08 05:54:34 Malay Peninsula Standard Time,2023-03-08,05:54:34,1371599432676966401,"#ChatGPT, the fastest growing  consumer application in history, has already grown to over 100  million users in two months, and it's showing how #AI will transform life as we know it.  Here are some tips on how  to master ChatGPT quickly ğŸ§¶ #technology #thread #future #decentive  https://t.co/tK67ubnGcA",en,"['chatgpt', 'ai', 'technology', 'thread', 'future', 'decentive']",[],"['#ChatGPT', ',', 'the', 'fastest', 'growing', 'consumer', 'application', 'in', 'history', ',', 'has', 'already', 'grown', 'to', 'over', '100', 'million', 'users', 'in', 'two', 'months', ',', 'and', ""it's"", 'showing', 'how', '#AI', 'will', 'transform', 'life', 'as', 'we', 'know', 'it', '.', 'Here', 'are', 'some', 'tips', 'on', 'how', 'to', 'master', 'ChatGPT', 'quickly', 'ğŸ§¶', '#technology', '#thread', '#future', '#decentive', 'https://t.co/tK67ubnGcA']","['#ChatGPT', ',', 'the', 'fastest', 'growing', 'consumer', 'application', 'in', 'history', ',', 'has', 'already', 'grown', 'to', 'over', '100', 'million', 'users', 'in', 'two', 'months', ',', 'and', ""it's"", 'showing', 'how', '#AI', 'will', 'transform', 'life', 'as', 'we', 'know', 'it', '.', 'Here', 'are', 'some', 'tips', 'on', 'how', 'to', 'master', 'ChatGPT', 'quickly', 'ğŸ§¶', '#technology', '#thread', '#future', '#decentive', 'https://t.co/tK67ubnGcA']"
1633224534869389315,1633224534869389312,2023-03-08 05:54:07 Malay Peninsula Standard Time,2023-03-08,05:54:07,133997568,Curious how ChatGPT can help boost work productivity and help with problem-solving for data analysis? Here's how it can act as a useful tool in your toolset:  Watch on YouTube:  https://t.co/8W7Bvgy7UR  #OpenAI #ChatGPT #ChatGPTai #MicrosoftPowerBI #BusinessData #DataAnalyst  https://t.co/hG3kIrXIGE,en,"['openai', 'chatgpt', 'chatgptai', 'microsoftpowerbi', 'businessdata', 'dataanalyst']",[],"['Curious', 'how', 'ChatGPT', 'can', 'help', 'boost', 'work', 'productivity', 'and', 'help', 'with', 'problem-solving', 'for', 'data', 'analysis', '?', ""Here's"", 'how', 'it', 'can', 'act', 'as', 'a', 'useful', 'tool', 'in', 'your', 'toolset', ':', 'Watch', 'on', 'YouTube', ':', 'https://t.co/8W7Bvgy7UR', '#OpenAI', '#ChatGPT', '#ChatGPTai', '#MicrosoftPowerBI', '#BusinessData', '#DataAnalyst', 'https://t.co/hG3kIrXIGE']","['Curious', 'how', 'ChatGPT', 'can', 'help', 'boost', 'work', 'productivity', 'and', 'help', 'with', 'problem-solving', 'for', 'data', 'analysis', '?', ""Here's"", 'how', 'it', 'can', 'act', 'as', 'a', 'useful', 'tool', 'in', 'your', 'toolset', ':', 'Watch', 'on', 'YouTube', ':', 'https://t.co/8W7Bvgy7UR', '#OpenAI', '#ChatGPT', '#ChatGPTai', '#MicrosoftPowerBI', '#BusinessData', '#DataAnalyst', 'https://t.co/hG3kIrXIGE']"
1633224515210854403,1633224515210854400,2023-03-08 05:54:02 Malay Peninsula Standard Time,2023-03-08,05:54:02,575792221,ğŸ¤© Just a few days awayâ€¦   âœ… Iâ€™m hosting a ğŸ†“webinar and Iâ€™d love to â€œseeâ€ you there!  âœ… â€œHow to Use ChatGPT: Time-Saving Secrets for Busy Teachersâ€  ğŸ‘‰ Register here:  https://t.co/PWXpku0KhF  #ChatGPT #AI #ArtificialIntelligence #EdTech  https://t.co/XDohp5X4M4,en,"['chatgpt', 'ai', 'artificialintelligence', 'edtech']",[],"['ğŸ¤©', 'Just', 'a', 'few', 'days', 'away', 'â€¦', 'âœ…', 'I', 'â€™', 'm', 'hosting', 'a', 'ğŸ†“', 'webinar', 'and', 'I', 'â€™', 'd', 'love', 'to', 'â€œ', 'see', 'â€', 'you', 'there', '!', 'âœ…', 'â€œ', 'How', 'to', 'Use', 'ChatGPT', ':', 'Time-Saving', 'Secrets', 'for', 'Busy', 'Teachers', 'â€', 'ğŸ‘‰', 'Register', 'here', ':', 'https://t.co/PWXpku0KhF', '#ChatGPT', '#AI', '#ArtificialIntelligence', '#EdTech', 'https://t.co/XDohp5X4M4']","['ğŸ¤©', 'Just', 'a', 'few', 'days', 'away', 'â€¦', 'âœ…', 'I', 'â€™', 'm', 'hosting', 'a', 'ğŸ†“', 'webinar', 'and', 'I', 'â€™', 'd', 'love', 'to', 'â€œ', 'see', 'â€', 'you', 'there', '!', 'âœ…', 'â€œ', 'How', 'to', 'Use', 'ChatGPT', ':', 'Time-Saving', 'Secrets', 'for', 'Busy', 'Teachers', 'â€', 'ğŸ‘‰', 'Register', 'here', ':', 'https://t.co/PWXpku0KhF', '#ChatGPT', '#AI', '#ArtificialIntelligence', '#EdTech', 'https://t.co/XDohp5X4M4']"
1633224503621984256,1633224503621984256,2023-03-08 05:54:00 Malay Peninsula Standard Time,2023-03-08,05:54:00,633287684,We must re-think how we think when it comes to creating prompts with Ai from #Midjourney to #ChatGPT  https://t.co/sBny2q4DyJ,en,"['midjourney', 'chatgpt']",[],"['We', 'must', 're-think', 'how', 'we', 'think', 'when', 'it', 'comes', 'to', 'creating', 'prompts', 'with', 'Ai', 'from', '#Midjourney', 'to', '#ChatGPT', 'https://t.co/sBny2q4DyJ']","['We', 'must', 're-think', 'how', 'we', 'think', 'when', 'it', 'comes', 'to', 'creating', 'prompts', 'with', 'Ai', 'from', '#Midjourney', 'to', '#ChatGPT', 'https://t.co/sBny2q4DyJ']"
1633224469992046592,1633224469992046592,2023-03-08 05:53:52 Malay Peninsula Standard Time,2023-03-08,05:53:52,879166152651317248,ã‚‚ã†ç›¸è«‡äº‹ã‚‚ChatGPTã§è‰¯ã„æ°—ãŒã—ã¦ããŸ  #ChatGPT  https://t.co/OnVRX8m2ET,ja,['chatgpt'],[],"['ã‚‚ã†ç›¸è«‡äº‹ã‚‚ChatGPTã§è‰¯ã„æ°—ãŒã—ã¦ããŸ', '#ChatGPT', 'https://t.co/OnVRX8m2ET']","[""I feel like I'm already good at ChatGPT"", '#ChatGPT']"
1633224458952667136,1633060859630043136,2023-03-08 05:53:49 Malay Peninsula Standard Time,2023-03-08,05:53:49,61085452,@CGMeifangZhang I still believe Russia can have democracy but China as democracy?? Wow... Who writes your tweet? Don't rely on #ChatGPT for everything ğŸ™ğŸ™,en,['chatgpt'],"[{'screen_name': 'CGMeifangZhang', 'name': 'Zhang Meifangå¼ ç¾èŠ³', 'id': '1222894323152195586'}]","['@CGMeifangZhang', 'I', 'still', 'believe', 'Russia', 'can', 'have', 'democracy', 'but', 'China', 'as', 'democracy', '?', '?', 'Wow', '...', 'Who', 'writes', 'your', 'tweet', '?', ""Don't"", 'rely', 'on', '#ChatGPT', 'for', 'everything', 'ğŸ™', 'ğŸ™']","['@CGMeifangZhang', 'I', 'still', 'believe', 'Russia', 'can', 'have', 'democracy', 'but', 'China', 'as', 'democracy', '?', '?', 'Wow', '...', 'Who', 'writes', 'your', 'tweet', '?', ""Don't"", 'rely', 'on', '#ChatGPT', 'for', 'everything', 'ğŸ™', 'ğŸ™']"
1633224448387186690,1633224448387186688,2023-03-08 05:53:46 Malay Peninsula Standard Time,2023-03-08,05:53:46,20635552,"""Users should carefully evaluate the inputs and outputs of the tool for misrepresentations and biases.""  https://t.co/cmcPMc21mm #directmarketing #chatgpt #data #accuracy",en,"['directmarketing', 'chatgpt', 'data', 'accuracy']",[],"['""', 'Users', 'should', 'carefully', 'evaluate', 'the', 'inputs', 'and', 'outputs', 'of', 'the', 'tool', 'for', 'misrepresentations', 'and', 'biases', '.', '""', 'https://t.co/cmcPMc21mm', '#directmarketing', '#chatgpt', '#data', '#accuracy']","['""', 'Users', 'should', 'carefully', 'evaluate', 'the', 'inputs', 'and', 'outputs', 'of', 'the', 'tool', 'for', 'misrepresentations', 'and', 'biases', '.', '""', 'https://t.co/cmcPMc21mm', '#directmarketing', '#chatgpt', '#data', '#accuracy']"
1633224254975266816,1633224254975266816,2023-03-08 05:53:00 Malay Peninsula Standard Time,2023-03-08,05:53:00,261460409,@jasonmlodge Metaphors matter in understanding AI #ChatGPT #AI #edtech    https://t.co/iuxwF3VTk3,en,"['chatgpt', 'ai', 'edtech']",[],"['@jasonmlodge', 'Metaphors', 'matter', 'in', 'understanding', 'AI', '#ChatGPT', '#AI', '#edtech', 'https://t.co/iuxwF3VTk3']","['@jasonmlodge', 'Metaphors', 'matter', 'in', 'understanding', 'AI', '#ChatGPT', '#AI', '#edtech', 'https://t.co/iuxwF3VTk3']"
1633224153313714177,1632963842979385344,2023-03-08 05:52:36 Malay Peninsula Standard Time,2023-03-08,05:52:36,464640023,ã€Œ#ChatGPT ã€ã«é–¢ã™ã‚‹å…¥é–€ç·¨ã®ã‚ªãƒ³ãƒ©ã‚¤ãƒ³ã‚»ãƒŸãƒŠãƒ¼ã‚’æ˜æ—¥3/9ï¼ˆæœ¨ï¼‰19:30ï½é–‹å‚¬ã—ã¾ã™ã€‚10åˆ†é–“ã®ç´¹ä»‹å‹•ç”»â†“ã‚’ã”è¦§ã„ãŸã ãã€æ°—ã«ãªã‚‹æ–¹ã¯ãœã²ãŠè¶Šã—ãã ã•ã„ã€‚å…ƒãƒ„ã‚¤ã§ç´¹ä»‹ã•ã›ã¦ã„ãŸã ã„ãŸçš†ã•ã¾ã‚‚ãŠè©±ã®ä¸­ã§ç™»å ´ã™ã‚‹ã‹ã‚‚ã—ã‚Œã¾ã›ã‚“ã€‚  https://t.co/BMD2KyJVtr ï¼Šè©³ç´°ãƒ»ãŠç”³è¾¼ã¿ã¯å‹•ç”»ã®æ¦‚è¦æ¬„ã¸ã€‚  https://t.co/OmY3wVf8c3,ja,['chatgpt'],[],"['ã€Œ', '#ChatGPT', 'ã€', 'ã«é–¢ã™ã‚‹å…¥é–€ç·¨ã®ã‚ªãƒ³ãƒ©ã‚¤ãƒ³ã‚»ãƒŸãƒŠãƒ¼ã‚’æ˜æ—¥', '3/9', 'ï¼ˆ', 'æœ¨', 'ï¼‰', '19:30', 'ï½', 'é–‹å‚¬ã—ã¾ã™', 'ã€‚', '10åˆ†é–“ã®ç´¹ä»‹å‹•ç”»', 'â†“', 'ã‚’ã”è¦§ã„ãŸã ã', 'ã€', 'æ°—ã«ãªã‚‹æ–¹ã¯ãœã²ãŠè¶Šã—ãã ã•ã„', 'ã€‚', 'å…ƒãƒ„ã‚¤ã§ç´¹ä»‹ã•ã›ã¦ã„ãŸã ã„ãŸçš†ã•ã¾ã‚‚ãŠè©±ã®ä¸­ã§ç™»å ´ã™ã‚‹ã‹ã‚‚ã—ã‚Œã¾ã›ã‚“', 'ã€‚', 'https://t.co/BMD2KyJVtr', 'ï¼Š', 'è©³ç´°', 'ãƒ»', 'ãŠç”³è¾¼ã¿ã¯å‹•ç”»ã®æ¦‚è¦æ¬„ã¸', 'ã€‚', 'https://t.co/OmY3wVf8c3']","['ã€Œ', '#ChatGPT', 'ã€', 'Introductory webinar tomorrow', '3/9', 'ï¼ˆ', 'wood', 'ï¼‰', 'Nineteen Thirty', 'ï½', 'We will hold', 'ã€‚', '10-minute intro video', 'â†“', 'Please take a look at', 'ã€', 'If you are interested, please come by all means.', 'ã€‚', 'Everyone introduced in the former Twitter may also appear in the story.', 'ã€‚', 'ï¼Š', 'detail', 'ãƒ»', 'To apply, go to the video summary section', 'ã€‚']"
1633224037114712068,1633224037114712064,2023-03-08 05:52:08 Malay Peninsula Standard Time,2023-03-08,05:52:08,1261452247977713669,"#chatgpt #twitch #valorant inexplicable maritime conquest, ""While the speaker attempted to employ a semiotic hermeneutic to unravel the teleological contradictions of metaphysical beliefs, their convoluted argument ultimately resulted in a contradictory mess of jumbled concepts""  https://t.co/8rjLddWGoz",en,"['chatgpt', 'twitch', 'valorant']",[],"['#chatgpt', '#twitch', '#valorant', 'inexplicable', 'maritime', 'conquest', ',', '""', 'While', 'the', 'speaker', 'attempted', 'to', 'employ', 'a', 'semiotic', 'hermeneutic', 'to', 'unravel', 'the', 'teleological', 'contradictions', 'of', 'metaphysical', 'beliefs', ',', 'their', 'convoluted', 'argument', 'ultimately', 'resulted', 'in', 'a', 'contradictory', 'mess', 'of', 'jumbled', 'concepts', '""', 'https://t.co/8rjLddWGoz']","['#chatgpt', '#twitch', '#valorant', 'inexplicable', 'maritime', 'conquest', ',', '""', 'While', 'the', 'speaker', 'attempted', 'to', 'employ', 'a', 'semiotic', 'hermeneutic', 'to', 'unravel', 'the', 'teleological', 'contradictions', 'of', 'metaphysical', 'beliefs', ',', 'their', 'convoluted', 'argument', 'ultimately', 'resulted', 'in', 'a', 'contradictory', 'mess', 'of', 'jumbled', 'concepts', '""', 'https://t.co/8rjLddWGoz']"
1633224003182526464,1633224003182526464,2023-03-08 05:52:00 Malay Peninsula Standard Time,2023-03-08,05:52:00,924410819336720384,La incursiÃ³n del #ChatGPT demuestra que hemos entrado en la #SociedadDelAprendizaje. Hemos salido de #SociedadDelConocimiento y requiere que quienes elaboran las  #PolÃ­ticasEducativas la entiendan #Ya,es,"['chatgpt', 'sociedaddelaprendizaje', 'sociedaddelconocimiento', 'polÃ­ticaseducativas', 'ya']",[],"['La', 'incursiÃ³n', 'del', '#ChatGPT', 'demuestra', 'que', 'hemos', 'entrado', 'en', 'la', '#SociedadDelAprendizaje', '.', 'Hemos', 'salido', 'de', '#SociedadDelConocimiento', 'y', 'requiere', 'que', 'quienes', 'elaboran', 'las', '#PolÃ­ticasEducativas', 'la', 'entiendan', '#Ya']","['The', 'incursion', 'of the', '#ChatGPT', 'Shows', 'What', 'We', 'Entered', 'in', 'the', '#SociedadDelAprendizaje', '.', 'We', 'Out', 'of', '#SociedadDelConocimiento', 'and', 'Requires', 'What', 'Who', 'Made', 'the', '#PolÃ­ticasEducativas', 'the', 'Understand', '#Ya']"
1633223898551447560,1633223898551447552,2023-03-08 05:51:35 Malay Peninsula Standard Time,2023-03-08,05:51:35,1631972316874784768,Best AI Tools for Video Generation ğŸ¥  1.  https://t.co/8LvenQZh7g 2.  https://t.co/m2rU63yVhR 3.  https://t.co/AuETJKsoBd 4.  https://t.co/xg1XeJOXxQ 5.  https://t.co/tcdvBmFjMW  What else is a good software?  #ChatGPT #AIVideo #youtubeshorts #GPT3,en,"['chatgpt', 'aivideo', 'youtubeshorts', 'gpt3']",[],"['Best', 'AI', 'Tools', 'for', 'Video', 'Generation', 'ğŸ¥', '1', '.', 'https://t.co/8LvenQZh7g', '2', '.', 'https://t.co/m2rU63yVhR', '3', '.', 'https://t.co/AuETJKsoBd', '4', '.', 'https://t.co/xg1XeJOXxQ', '5', '.', 'https://t.co/tcdvBmFjMW', 'What', 'else', 'is', 'a', 'good', 'software', '?', '#ChatGPT', '#AIVideo', '#youtubeshorts', '#GPT3']","['Best', 'AI', 'Tools', 'for', 'Video', 'Generation', 'ğŸ¥', '1', '.', 'https://t.co/8LvenQZh7g', '2', '.', 'https://t.co/m2rU63yVhR', '3', '.', 'https://t.co/AuETJKsoBd', '4', '.', 'https://t.co/xg1XeJOXxQ', '5', '.', 'https://t.co/tcdvBmFjMW', 'What', 'else', 'is', 'a', 'good', 'software', '?', '#ChatGPT', '#AIVideo', '#youtubeshorts', '#GPT3']"
1633223638987034625,1633223638987034624,2023-03-08 05:50:34 Malay Peninsula Standard Time,2023-03-08,05:50:34,1629559610053910530,"NÃ£o Ã© ""chagpt, escreve um livro"" Vamos aproveitar o que a ferramenta tem para nos oferecer!    https://t.co/OrQu4Z43MX  #ia #chatgpt #openai  https://t.co/cAX6Tl5Lzy",pt,"['ia', 'chatgpt', 'openai']",[],"['NÃ£o', 'Ã©', '""', 'chagpt', ',', 'escreve', 'um', 'livro', '""', 'Vamos', 'aproveitar', 'o', 'que', 'a', 'ferramenta', 'tem', 'para', 'nos', 'oferecer', '!', 'https://t.co/OrQu4Z43MX', '#ia', '#chatgpt', '#openai', 'https://t.co/cAX6Tl5Lzy']","['No', 'is', '""', 'chagpt', ',', 'Writes', 'at', 'book', '""', ""Let's go"", 'harness', 'or', 'What', 'a', 'tool', 'has', 'for', 'us', 'offer', '!', '#ia', '#chatgpt', '#openai']"
1633223631248711680,1633223631248711680,2023-03-08 05:50:32 Malay Peninsula Standard Time,2023-03-08,05:50:32,21290014,donâ€™t get your #gpt hopes up just yet: #ChatGPT #pythonprogramming #Python @PythonStack @PythonHub #aifail #fail #ai  https://t.co/NMbArxlcNS,en,"['gpt', 'chatgpt', 'pythonprogramming', 'python', 'aifail', 'fail', 'ai']",[],"['don', 'â€™', 't', 'get', 'your', '#gpt', 'hopes', 'up', 'just', 'yet', ':', '#ChatGPT', '#pythonprogramming', '#Python', '@PythonStack', '@PythonHub', '#aifail', '#fail', '#ai', 'https://t.co/NMbArxlcNS']","['don', 'â€™', 't', 'get', 'your', '#gpt', 'hopes', 'up', 'just', 'yet', ':', '#ChatGPT', '#pythonprogramming', '#Python', '@PythonStack', '@PythonHub', '#aifail', '#fail', '#ai', 'https://t.co/NMbArxlcNS']"
1633223592686104576,1633223592686104576,2023-03-08 05:50:22 Malay Peninsula Standard Time,2023-03-08,05:50:22,1628387025131905024,"ğŸ†•Ãšltimas noticias ğŸ†•  Salesforce incorpora inteligencia artificial de ChatGPT en herramienta Slack (herramienta de mensajerÃ­a instantÃ¡nea usada generalmente en la comunicaciÃ³n interna de las empresas), gracias a una colaboraciÃ³n con la compaÃ±Ã­a OpenAI.  Â¿QuÃ© tal?  #iA #ChatGPT",es,"['ia', 'chatgpt']",[],"['ğŸ†•', 'Ãšltimas', 'noticias', 'ğŸ†•', 'Salesforce', 'incorpora', 'inteligencia', 'artificial', 'de', 'ChatGPT', 'en', 'herramienta', 'Slack', '(', 'herramienta', 'de', 'mensajerÃ­a', 'instantÃ¡nea', 'usada', 'generalmente', 'en', 'la', 'comunicaciÃ³n', 'interna', 'de', 'las', 'empresas', ')', ',', 'gracias', 'a', 'una', 'colaboraciÃ³n', 'con', 'la', 'compaÃ±Ã­a', 'OpenAI', '.', 'Â¿', 'QuÃ©', 'tal', '?', '#iA', '#ChatGPT']","['ğŸ†•', 'Latest', 'news', 'ğŸ†•', 'Salesforce', 'Incorporates', 'intelligence', 'artificial', 'of', 'ChatGPT', 'in', 'tool', 'Slack', '(', 'tool', 'of', 'Messaging', 'snapshot', 'Used', 'generally', 'in', 'the', 'communication', 'internal', 'of', 'the', 'enterprises', ')', ',', 'Thank you', 'a', 'one', 'collaboration', 'with', 'the', 'company', 'OpenAI', '.', 'Â¿', 'What', 'such', '?', '#iA', '#ChatGPT']"
1633223497206956032,1633223497206956032,2023-03-08 05:50:00 Malay Peninsula Standard Time,2023-03-08,05:50:00,934455097022734342,"""Join me at 5pm ET on Twitch as we explore the Kingdom of Eblan in Final Fantasy IV and cook up some epic gameplay moments with deliciously punny commentary!"" -by #ChatGPT    https://t.co/IU7bEUoiaR  @BlazedRTs @sme_rt #SupportSmallStreamers #TwitchStreamer @streamerwallcom #FFIV",en,"['chatgpt', 'supportsmallstreamers', 'twitchstreamer', 'ffiv']",[],"['""', 'Join', 'me', 'at', '5pm', 'ET', 'on', 'Twitch', 'as', 'we', 'explore', 'the', 'Kingdom', 'of', 'Eblan', 'in', 'Final', 'Fantasy', 'IV', 'and', 'cook', 'up', 'some', 'epic', 'gameplay', 'moments', 'with', 'deliciously', 'punny', 'commentary', '!', '""', '-', 'by', '#ChatGPT', 'https://t.co/IU7bEUoiaR', '@BlazedRTs', '@sme_rt', '#SupportSmallStreamers', '#TwitchStreamer', '@streamerwallcom', '#FFIV']","['""', 'Join', 'me', 'at', '5pm', 'ET', 'on', 'Twitch', 'as', 'we', 'explore', 'the', 'Kingdom', 'of', 'Eblan', 'in', 'Final', 'Fantasy', 'IV', 'and', 'cook', 'up', 'some', 'epic', 'gameplay', 'moments', 'with', 'deliciously', 'punny', 'commentary', '!', '""', '-', 'by', '#ChatGPT', 'https://t.co/IU7bEUoiaR', '@BlazedRTs', '@sme_rt', '#SupportSmallStreamers', '#TwitchStreamer', '@streamerwallcom', '#FFIV']"
1633223352369430528,1633223341795586048,2023-03-08 05:49:25 Malay Peninsula Standard Time,2023-03-08,05:49:25,10478282,#Aiã€€#comicã€€#Scribble_Diffusion ã£ãŸã2023å¹´ã€‚#ChatGPTã€€ã¨ã„ã„ã€€#Scribble_Diffusionã€€ã¨ã„ã„å¹´æ˜ã‘ä»¥é™ã€è„³ãŒç›†è¸Šã‚Šã—ã£ã±ãªã—ã ã‚ˆã€‚ç—…æ°—ã¯æµè¡Œã‚‹ã‚æˆ¦äº‰ã¯èµ·ã“ã‚‹ã‚ç‰©ä¾¡æš´é¨°ã ã‚å¼·ç›—è·‹æ‰ˆã ã‚ã§ä¸–ã®ä¸­çœŸã£æš—ã ãŒã€ãã‚Œã§ã‚‚ä¸–ç•Œã¯æ¨ã¦ãŸã‚‚ã‚“ã˜ã‚ƒãªã„ã€‚æ—¥ãŒå½“ãŸã£ã¦ã‚‹å ´æ‰€ã¯ã¡ã‚ƒã‚“ã¨ã‚ã‚‹ã€‚,ja,"['ai', 'comic', 'scribble_diffusion', 'chatgpt', 'scribble_diffusion']",[],"['#Ai', '#comic', '#Scribble_Diffusion', 'ã£ãŸã', '2023å¹´', 'ã€‚', '#ChatGPT', 'ã¨ã„ã„', '#Scribble_Diffusion', 'ã¨ã„ã„å¹´æ˜ã‘ä»¥é™', 'ã€', 'è„³ãŒç›†è¸Šã‚Šã—ã£ã±ãªã—ã ã‚ˆ', 'ã€‚', 'ç—…æ°—ã¯æµè¡Œã‚‹ã‚æˆ¦äº‰ã¯èµ·ã“ã‚‹ã‚ç‰©ä¾¡æš´é¨°ã ã‚å¼·ç›—è·‹æ‰ˆã ã‚ã§ä¸–ã®ä¸­çœŸã£æš—ã ãŒ', 'ã€', 'ãã‚Œã§ã‚‚ä¸–ç•Œã¯æ¨ã¦ãŸã‚‚ã‚“ã˜ã‚ƒãªã„', 'ã€‚', 'æ—¥ãŒå½“ãŸã£ã¦ã‚‹å ´æ‰€ã¯ã¡ã‚ƒã‚“ã¨ã‚ã‚‹', 'ã€‚']","['#Ai', '#comic', '#Scribble_Diffusion', 'Taku', 'In 2023', 'ã€‚', '#ChatGPT', 'and good', '#Scribble_Diffusion', 'After the beginning of the year', 'ã€', 'My brain keeps dancing', 'ã€‚', 'Diseases are prevalent, wars are coming, prices are soaring, robberies are rampant, and the world is dark.', 'ã€', ""Still, the world hasn't been abandoned"", 'ã€‚', 'There is a place where the sun is shining', 'ã€‚']"
1633223240012161024,1633223240012161024,2023-03-08 05:48:58 Malay Peninsula Standard Time,2023-03-08,05:48:58,1014510795106017282,ğŸ™„? #AI #privacy #compliance #ethics #gdpr #law #eu #ChatGPT,und,"['ai', 'privacy', 'compliance', 'ethics', 'gdpr', 'law', 'eu', 'chatgpt']",[],"['ğŸ™„', '?', '#AI', '#privacy', '#compliance', '#ethics', '#gdpr', '#law', '#eu', '#ChatGPT']","['ğŸ™„', '?', '#AI', '#privacy', '#compliance', '#ethics', '#gdpr', '#law', '#eu', '#ChatGPT']"
1633223171439489025,1633153532907122688,2023-03-08 05:48:42 Malay Peninsula Standard Time,2023-03-08,05:48:42,1618511900928622593,@niklas40288643 @Paul1887_ @MiBPOWER @1887jonas @abendblatt_hsv #chatgpt so naiv wie Ihr ğŸ˜‚ #jatta #daffeh #hsv #nurderHSV  https://t.co/ggLplgYm0y,de,"['chatgpt', 'jatta', 'daffeh', 'hsv', 'nurderhsv']","[{'screen_name': 'niklas40288643', 'name': 'niklas1887', 'id': '1535677447202557952'}, {'screen_name': 'Paul1887_', 'name': 'Paul', 'id': '1214265464257310721'}, {'screen_name': 'MiBPOWER', 'name': 'MiBPOWER', 'id': '318726930'}, {'screen_name': '1887jonas', 'name': 'Jonas', 'id': '947219208433225735'}, {'screen_name': 'abendblatt_hsv', 'name': 'Abendblatt HSV', 'id': '19586962'}]","['@niklas40288643', '@Paul1887_', '@MiBPOWER', '@1887jonas', '@abendblatt_hsv', '#chatgpt', 'so', 'naiv', 'wie', 'Ihr', 'ğŸ˜‚', '#jatta', '#daffeh', '#hsv', '#nurderHSV', 'https://t.co/ggLplgYm0y']","['@niklas40288643', '@Paul1887_', '@MiBPOWER', '@1887jonas', '@abendblatt_hsv', '#chatgpt', 'so', 'naive', 'how', 'You', 'ğŸ˜‚', '#jatta', '#daffeh', '#hsv', '#nurderHSV']"
1633223140523511808,1633223140523511808,2023-03-08 05:48:35 Malay Peninsula Standard Time,2023-03-08,05:48:35,1519442460623384577,AI tools that could transform your everyday workflow. I have used most of these tools and it's amazing to see their capabilities to make your work easier and faster.  #chatgpt #ai  https://t.co/ZinNG2Ixgo,en,"['chatgpt', 'ai']",[],"['AI', 'tools', 'that', 'could', 'transform', 'your', 'everyday', 'workflow', '.', 'I', 'have', 'used', 'most', 'of', 'these', 'tools', 'and', ""it's"", 'amazing', 'to', 'see', 'their', 'capabilities', 'to', 'make', 'your', 'work', 'easier', 'and', 'faster', '.', '#chatgpt', '#ai', 'https://t.co/ZinNG2Ixgo']","['AI', 'tools', 'that', 'could', 'transform', 'your', 'everyday', 'workflow', '.', 'I', 'have', 'used', 'most', 'of', 'these', 'tools', 'and', ""it's"", 'amazing', 'to', 'see', 'their', 'capabilities', 'to', 'make', 'your', 'work', 'easier', 'and', 'faster', '.', '#chatgpt', '#ai', 'https://t.co/ZinNG2Ixgo']"
1633223051063050241,1633165919898726400,2023-03-08 05:48:13 Malay Peninsula Standard Time,2023-03-08,05:48:13,407894678,@FreedomRadioFR @france_soir @v_joron @AvecRTFrance2 @EpochTimes Le #ChatGPT confirme tout ceci :  https://t.co/s9EZ2NwNBi,fr,['chatgpt'],"[{'screen_name': 'FreedomRadioFR', 'name': 'freedomradiofrance', 'id': '1350407404173844481'}, {'screen_name': 'france_soir', 'name': 'France-Soir', 'id': '78957336'}, {'screen_name': 'v_joron', 'name': 'Virginie Joron', 'id': '2991912647'}, {'screen_name': 'AvecRTFrance2', 'name': 'Nous sommes RT France ğŸ“° (Compte principal)', 'id': '1622192090128998404'}, {'screen_name': 'EpochTimes', 'name': 'The Epoch Times', 'id': '29097819'}]","['@FreedomRadioFR', '@france_soir', '@v_joron', '@AvecRTFrance2', '@EpochTimes', 'Le', '#ChatGPT', 'confirme', 'tout', 'ceci', ':', 'https://t.co/s9EZ2NwNBi']","['@FreedomRadioFR', '@france_soir', '@v_joron', '@AvecRTFrance2', '@EpochTimes', 'The', '#ChatGPT', 'Confirms', 'all', 'this', ':']"
1633222978723885056,1633222978723885056,2023-03-08 05:47:56 Malay Peninsula Standard Time,2023-03-08,05:47:56,17183674,é‡å–¶ã™ã‚‹ã®ã«ãŠã™ã™ã‚ã®å ´æ‰€ã‚’å°‹ã­ãŸã‚‰ã€ã„ã‹ã«ã‚‚æœ‰ã‚Šãã†ãªåå‰ã®é‡å–¶å ´ï¼ˆå®Ÿéš›ã«ã¯å­˜åœ¨ã›ãšï¼‰ã®ç´¹ä»‹æ–‡ã‚’æ»ã‚Šå‡ºã—ã¦ããŠã£ãŸã‹ã‚‰ãªã€‚ã»ã‚“ã¨ã«ã€Œãã‚Œã‚‰ã—ã„æ–‡ã€ã‚’ä½œã‚‹ã ã‘ã®ãƒ„ãƒ¼ãƒ«ã€‚  å­˜åœ¨ã—ãªã„ã®ã«ã€Œãƒ•ã‚¡ãƒŸãƒªãƒ¼ã«ãŠã™ã™ã‚ã€ã¨ã‹è¨˜è¿°ã—ã¦ã¦ç¬‘ãˆãŸã€‚  #ChatGPT #ã‚­ãƒ£ãƒ³ãƒ— #é‡å–¶  https://t.co/ltwg5szZlZ,ja,"['chatgpt', 'ã‚­ãƒ£ãƒ³ãƒ—', 'é‡å–¶']",[],"['é‡å–¶ã™ã‚‹ã®ã«ãŠã™ã™ã‚ã®å ´æ‰€ã‚’å°‹ã­ãŸã‚‰', 'ã€', 'ã„ã‹ã«ã‚‚æœ‰ã‚Šãã†ãªåå‰ã®é‡å–¶å ´', 'ï¼ˆ', 'å®Ÿéš›ã«ã¯å­˜åœ¨ã›ãš', 'ï¼‰', 'ã®ç´¹ä»‹æ–‡ã‚’æ»ã‚Šå‡ºã—ã¦ããŠã£ãŸã‹ã‚‰ãª', 'ã€‚', 'ã»ã‚“ã¨ã«', 'ã€Œ', 'ãã‚Œã‚‰ã—ã„æ–‡', 'ã€', 'ã‚’ä½œã‚‹ã ã‘ã®ãƒ„ãƒ¼ãƒ«', 'ã€‚', 'å­˜åœ¨ã—ãªã„ã®ã«', 'ã€Œ', 'ãƒ•ã‚¡ãƒŸãƒªãƒ¼ã«ãŠã™ã™ã‚', 'ã€', 'ã¨ã‹è¨˜è¿°ã—ã¦ã¦ç¬‘ãˆãŸ', 'ã€‚', '#ChatGPT', '#ã‚­ãƒ£ãƒ³ãƒ—', '#é‡å–¶', 'https://t.co/ltwg5szZlZ']","['When asked where to camp', 'ã€', 'Campsite with a very likely name', 'ï¼ˆ', ""Doesn't actually exist"", 'ï¼‰', ""I've come up with an introduction to"", 'ã€‚', 'Really', 'ã€Œ', 'Sentences like that', 'ã€', 'Just make a tool', 'ã€‚', ""Even though it doesn't exist"", 'ã€Œ', 'Recommended for families', 'ã€', 'I was laughable to write it.', 'ã€‚', '#ChatGPT', '#ã‚­ãƒ£ãƒ³ãƒ—', '#é‡å–¶']"
1633222767180128256,1633222767180128256,2023-03-08 05:47:06 Malay Peninsula Standard Time,2023-03-08,05:47:06,199670117,"In our recent #GreatConversations insight exploring the rise of AI tools like #ChatGPT, Baker Tilly Greece's Anestis Dimopoulos says a wide range of sectors will be impacted:  https://t.co/oJANrkjLzM  https://t.co/bRJRnnp1B4",en,"['greatconversations', 'chatgpt']",[],"['In', 'our', 'recent', '#GreatConversations', 'insight', 'exploring', 'the', 'rise', 'of', 'AI', 'tools', 'like', '#ChatGPT', ',', 'Baker', 'Tilly', ""Greece's"", 'Anestis', 'Dimopoulos', 'says', 'a', 'wide', 'range', 'of', 'sectors', 'will', 'be', 'impacted', ':', 'https://t.co/oJANrkjLzM', 'https://t.co/bRJRnnp1B4']","['In', 'our', 'recent', '#GreatConversations', 'insight', 'exploring', 'the', 'rise', 'of', 'AI', 'tools', 'like', '#ChatGPT', ',', 'Baker', 'Tilly', ""Greece's"", 'Anestis', 'Dimopoulos', 'says', 'a', 'wide', 'range', 'of', 'sectors', 'will', 'be', 'impacted', ':', 'https://t.co/oJANrkjLzM', 'https://t.co/bRJRnnp1B4']"
1633222751887536130,1633222751887536128,2023-03-08 05:47:02 Malay Peninsula Standard Time,2023-03-08,05:47:02,956082186368765953,Cities with built-in #AI   https://t.co/lRM4K3RTDz ğŸ’« Domain available  #aibudhabi #abudhabi #AbuDhabiGP #smartcity #smartcities #ChatGPT #artificalintelligence #dubai #emirates  https://t.co/a9lW4OcQFN,en,"['ai', 'aibudhabi', 'abudhabi', 'abudhabigp', 'smartcity', 'smartcities', 'chatgpt', 'artificalintelligence', 'dubai', 'emirates']",[],"['Cities', 'with', 'built-in', '#AI', 'https://t.co/lRM4K3RTDz', 'ğŸ’«', 'Domain', 'available', '#aibudhabi', '#abudhabi', '#AbuDhabiGP', '#smartcity', '#smartcities', '#ChatGPT', '#artificalintelligence', '#dubai', '#emirates', 'https://t.co/a9lW4OcQFN']","['Cities', 'with', 'built-in', '#AI', 'https://t.co/lRM4K3RTDz', 'ğŸ’«', 'Domain', 'available', '#aibudhabi', '#abudhabi', '#AbuDhabiGP', '#smartcity', '#smartcities', '#ChatGPT', '#artificalintelligence', '#dubai', '#emirates', 'https://t.co/a9lW4OcQFN']"
1633222692731080705,1633222692731080704,2023-03-08 05:46:48 Malay Peninsula Standard Time,2023-03-08,05:46:48,866995113410560000,@micheleboldrin  continuo a pensare che stia sottovalutando la minaccia delle macchine nel prossimo futuro #chatgpt #boldrin #stalin  https://t.co/RxxpxAZYfA,it,"['chatgpt', 'boldrin', 'stalin']",[],"['@micheleboldrin', 'continuo', 'a', 'pensare', 'che', 'stia', 'sottovalutando', 'la', 'minaccia', 'delle', 'macchine', 'nel', 'prossimo', 'futuro', '#chatgpt', '#boldrin', '#stalin', 'https://t.co/RxxpxAZYfA']","['@micheleboldrin', 'continuous', 'a', 'think', 'who', 'Is', 'Underestimating', 'the', 'threat', 'of', 'hardware', 'in the', 'next', 'future', '#chatgpt', '#boldrin', '#stalin']"
1633222571935281152,1633222571935281152,2023-03-08 05:46:19 Malay Peninsula Standard Time,2023-03-08,05:46:19,239736419,"RT://ChatGPT e Intelligenza Artificiale: luci, ombre e implicazioni legali sul loro utilizzo -  #ChatGPT #diritto #IA #dirittodautore #fakenews #  https://t.co/AQeUp9qlsI",it,"['chatgpt', 'diritto', 'ia', 'dirittodautore', 'fakenews']",[],"['RT', ':/', '/', 'ChatGPT', 'e', 'Intelligenza', 'Artificiale', ':', 'luci', ',', 'ombre', 'e', 'implicazioni', 'legali', 'sul', 'loro', 'utilizzo', '-', '#ChatGPT', '#diritto', '#IA', '#dirittodautore', '#fakenews', '#', 'https://t.co/AQeUp9qlsI']","['RT', ':/', '/', 'ChatGPT', 'and', 'Intelligence', 'Artificial', ':', 'lighting', ',', 'shadow', 'and', 'Implications', 'Legal', 'on', 'they', 'utilization', '-', '#ChatGPT', '#diritto', '#IA', '#dirittodautore', '#fakenews', '#']"
1633222555401170945,1633144833786146816,2023-03-08 05:46:15 Malay Peninsula Standard Time,2023-03-08,05:46:15,1388464853640261638,"@dr_l_alexandre #ChatGPT nâ€™est pas humain. En qualitÃ© de Docteur, câ€™est troublant que vous teniez pas compte de cette caractÃ©ristiqueâ€¦",fr,['chatgpt'],"[{'screen_name': 'dr_l_alexandre', 'name': 'Docteur Laurent Alexandre', 'id': '945473418'}]","['@dr_l_alexandre', '#ChatGPT', 'n', 'â€™', 'est', 'pas', 'humain', '.', 'En', 'qualitÃ©', 'de', 'Docteur', ',', 'c', 'â€™', 'est', 'troublant', 'que', 'vous', 'teniez', 'pas', 'compte', 'de', 'cette', 'caractÃ©ristique', 'â€¦']","['@dr_l_alexandre', '#ChatGPT', 'n', 'â€™', 'east', 'step', 'human', '.', 'In', 'quality', 'of', 'Doctor', ',', 'c', 'â€™', 'east', 'troubling', 'What', 'you', 'Hold', 'step', 'account', 'of', 'this', 'characteristic', 'â€¦']"
1633222321770049537,1633222321770049536,2023-03-08 05:45:19 Malay Peninsula Standard Time,2023-03-08,05:45:19,1631972316874784768,"AI is like a toddler learning to talk. It's cute and innocent now, but it'll be running the house soon enough.   #AIhumor #parenting #ChatGPT",en,"['aihumor', 'parenting', 'chatgpt']",[],"['AI', 'is', 'like', 'a', 'toddler', 'learning', 'to', 'talk', '.', ""It's"", 'cute', 'and', 'innocent', 'now', ',', 'but', ""it'll"", 'be', 'running', 'the', 'house', 'soon', 'enough', '.', '#AIhumor', '#parenting', '#ChatGPT']","['AI', 'is', 'like', 'a', 'toddler', 'learning', 'to', 'talk', '.', ""It's"", 'cute', 'and', 'innocent', 'now', ',', 'but', ""it'll"", 'be', 'running', 'the', 'house', 'soon', 'enough', '.', '#AIhumor', '#parenting', '#ChatGPT']"
1633222313931067393,1633222313931067392,2023-03-08 05:45:18 Malay Peninsula Standard Time,2023-03-08,05:45:18,1275535899875368960,Is ChatGPT a great opportunity to speed up your #SEOactivities? How can you best use #ChatGPT within your SEO activities?  https://t.co/O6TVCkwO6D  Direct link  https://t.co/l3owO6QrJq,en,"['seoactivities', 'chatgpt']",[],"['Is', 'ChatGPT', 'a', 'great', 'opportunity', 'to', 'speed', 'up', 'your', '#SEOactivities', '?', 'How', 'can', 'you', 'best', 'use', '#ChatGPT', 'within', 'your', 'SEO', 'activities', '?', 'https://t.co/O6TVCkwO6D', 'Direct', 'link', 'https://t.co/l3owO6QrJq']","['Is', 'ChatGPT', 'a', 'great', 'opportunity', 'to', 'speed', 'up', 'your', '#SEOactivities', '?', 'How', 'can', 'you', 'best', 'use', '#ChatGPT', 'within', 'your', 'SEO', 'activities', '?', 'https://t.co/O6TVCkwO6D', 'Direct', 'link', 'https://t.co/l3owO6QrJq']"
1633222222088380416,1633168201717788672,2023-03-08 05:44:56 Malay Peninsula Standard Time,2023-03-08,05:44:56,1230671869407305728,@novoreorx @SaveToNotion #tweet #ChatGPT,qme,"['tweet', 'chatgpt']","[{'screen_name': 'novoreorx', 'name': 'Reorx', 'id': '132736859'}]","['@novoreorx', '@SaveToNotion', '#tweet', '#ChatGPT']","['@novoreorx', '@SaveToNotion', '#tweet', '#ChatGPT']"
1633222203083833344,1633222203083833344,2023-03-08 05:44:51 Malay Peninsula Standard Time,2023-03-08,05:44:51,1368298910763061253,#ChatGPT ostatnio (przynajmniej u mnie) chodziÅ‚ doÅ›Ä‡ wolno odpowiadajÄ…c na pytania.  Chyba juÅ¼ wiem dlaczegoâ€¦ StaÅ‚o siÄ™ dokÅ‚adnie to czego wszyscy oczekiwali.  Monetyzacja #ChatGPT  https://t.co/982p4OvDcD,pl,"['chatgpt', 'chatgpt']",[],"['#ChatGPT', 'ostatnio', '(', 'przynajmniej', 'u', 'mnie', ')', 'chodziÅ‚', 'doÅ›Ä‡', 'wolno', 'odpowiadajÄ…c', 'na', 'pytania', '.', 'Chyba', 'juÅ¼', 'wiem', 'dlaczego', 'â€¦', 'StaÅ‚o', 'siÄ™', 'dokÅ‚adnie', 'to', 'czego', 'wszyscy', 'oczekiwali', '.', 'Monetyzacja', '#ChatGPT', 'https://t.co/982p4OvDcD']","['#ChatGPT', 'lately', '(', 'at least', 'in the', 'me', ')', 'Walked', 'No more', 'slowly', 'Answering', 'on', 'Questions', '.', 'Probably', 'already', 'I know', 'why', 'â€¦', 'Happened', 'themselves', 'exactly', 'to', 'what', 'everyone', 'They were expecting', '.', 'Monetyzacja', '#ChatGPT']"
1633222123765243904,1627069616139927552,2023-03-08 05:44:32 Malay Peninsula Standard Time,2023-03-08,05:44:32,44628092,Even #SouthPark is onto #ChatGPT    https://t.co/0NHpIOXOGI,en,"['southpark', 'chatgpt']",[],"['Even', '#SouthPark', 'is', 'onto', '#ChatGPT', 'https://t.co/0NHpIOXOGI']","['Even', '#SouthPark', 'is', 'onto', '#ChatGPT', 'https://t.co/0NHpIOXOGI']"
1633222091599396865,1633211326775570432,2023-03-08 05:44:25 Malay Peninsula Standard Time,2023-03-08,05:44:25,1534658563607449600,Love talking #ChatGPT - and everything tech - with @DEREKWTAYLOR (who's also a great follow btw),en,['chatgpt'],[],"['Love', 'talking', '#ChatGPT', '-', 'and', 'everything', 'tech', '-', 'with', '@DEREKWTAYLOR', '(', ""who's"", 'also', 'a', 'great', 'follow', 'btw', ')']","['Love', 'talking', '#ChatGPT', '-', 'and', 'everything', 'tech', '-', 'with', '@DEREKWTAYLOR', '(', ""who's"", 'also', 'a', 'great', 'follow', 'btw', ')']"
1633222078315864070,1633222078315864064,2023-03-08 05:44:21 Malay Peninsula Standard Time,2023-03-08,05:44:21,1031772954969993218,"Words were cheap before but now with #ChatGPT it has reached another level. I created public statements that are exactly like the ones issued by politicians, companies....is there a point issuing statements any more?",en,['chatgpt'],[],"['Words', 'were', 'cheap', 'before', 'but', 'now', 'with', '#ChatGPT', 'it', 'has', 'reached', 'another', 'level', '.', 'I', 'created', 'public', 'statements', 'that', 'are', 'exactly', 'like', 'the', 'ones', 'issued', 'by', 'politicians', ',', 'companies', '...', 'is', 'there', 'a', 'point', 'issuing', 'statements', 'any', 'more', '?']","['Words', 'were', 'cheap', 'before', 'but', 'now', 'with', '#ChatGPT', 'it', 'has', 'reached', 'another', 'level', '.', 'I', 'created', 'public', 'statements', 'that', 'are', 'exactly', 'like', 'the', 'ones', 'issued', 'by', 'politicians', ',', 'companies', '...', 'is', 'there', 'a', 'point', 'issuing', 'statements', 'any', 'more', '?']"
1633221869842100224,1633221869842100224,2023-03-08 05:43:32 Malay Peninsula Standard Time,2023-03-08,05:43:32,229860164,"Fragen Sie lieber mich, nicht #ChatGPT ğŸ˜…",de,['chatgpt'],[],"['Fragen', 'Sie', 'lieber', 'mich', ',', 'nicht', '#ChatGPT', 'ğŸ˜…']","['Ask', 'They', 'rather', 'myself', ',', 'not', '#ChatGPT', 'ğŸ˜…']"
1633221856239943680,1633221856239943680,2023-03-08 05:43:28 Malay Peninsula Standard Time,2023-03-08,05:43:28,1060620364609454080,Chatgpt Inspiration  https://t.co/OlDQr33kM1 via @YouTube  Ready to be the best version of yourself? Check out our latest video.  #selfimprovement #personaldevelopment #ChatGPT #chatgptphilosophy #love #BeBetter,en,"['selfimprovement', 'personaldevelopment', 'chatgpt', 'chatgptphilosophy', 'love', 'bebetter']",[],"['Chatgpt', 'Inspiration', 'https://t.co/OlDQr33kM1', 'via', '@YouTube', 'Ready', 'to', 'be', 'the', 'best', 'version', 'of', 'yourself', '?', 'Check', 'out', 'our', 'latest', 'video', '.', '#selfimprovement', '#personaldevelopment', '#ChatGPT', '#chatgptphilosophy', '#love', '#BeBetter']","['Chatgpt', 'Inspiration', 'https://t.co/OlDQr33kM1', 'via', '@YouTube', 'Ready', 'to', 'be', 'the', 'best', 'version', 'of', 'yourself', '?', 'Check', 'out', 'our', 'latest', 'video', '.', '#selfimprovement', '#personaldevelopment', '#ChatGPT', '#chatgptphilosophy', '#love', '#BeBetter']"
1633221844387127297,1633221844387127296,2023-03-08 05:43:26 Malay Peninsula Standard Time,2023-03-08,05:43:26,464640023,ãŠã¯ã‚ˆã†ã”ã–ã„ã¾ã™ã€ãƒ¢ãƒ¼ãƒ‹ãƒ³ã‚°ãƒ‹ãƒ¥ãƒ¼ã‚¹ã§ã™ğŸ˜Šè©±é¡Œã®ã€ŒChatGPTã€ã«é–¢ã™ã‚‹ã‚ªãƒ³ãƒ©ã‚¤ãƒ³ã‚»ãƒŸãƒŠãƒ¼ã‚’æ˜æ—¥3/9ï¼ˆæœ¨ï¼‰19:30ï½é–‹å‚¬ã—ã¾ã™ã€‚10åˆ†é–“ã®ç´¹ä»‹å‹•ç”»ã‚’ã”è¦§ã„ãŸã ãã€æ°—ã«ãªã‚‹æ–¹ã¯ãœã²ãŠè¶Šã—ãã ã•ã„ã€‚ #ChatGPT  ï¼Šè©³ç´°ãƒ»ãŠç”³è¾¼ã¿ã¯å‹•ç”»ã®æ¦‚è¦æ¬„ã¸ã€‚  https://t.co/BMD2KyJVtr  https://t.co/lv181d21CD,ja,['chatgpt'],[],"['ãŠã¯ã‚ˆã†ã”ã–ã„ã¾ã™', 'ã€', 'ãƒ¢ãƒ¼ãƒ‹ãƒ³ã‚°ãƒ‹ãƒ¥ãƒ¼ã‚¹ã§ã™', 'ğŸ˜Š', 'è©±é¡Œã®', 'ã€Œ', 'ChatGPT', 'ã€', 'ã«é–¢ã™ã‚‹ã‚ªãƒ³ãƒ©ã‚¤ãƒ³ã‚»ãƒŸãƒŠãƒ¼ã‚’æ˜æ—¥', '3/9', 'ï¼ˆ', 'æœ¨', 'ï¼‰', '19:30', 'ï½', 'é–‹å‚¬ã—ã¾ã™', 'ã€‚', '10åˆ†é–“ã®ç´¹ä»‹å‹•ç”»ã‚’ã”è¦§ã„ãŸã ã', 'ã€', 'æ°—ã«ãªã‚‹æ–¹ã¯ãœã²ãŠè¶Šã—ãã ã•ã„', 'ã€‚', '#ChatGPT', 'ï¼Š', 'è©³ç´°', 'ãƒ»', 'ãŠç”³è¾¼ã¿ã¯å‹•ç”»ã®æ¦‚è¦æ¬„ã¸', 'ã€‚', 'https://t.co/BMD2KyJVtr', 'https://t.co/lv181d21CD']","['Good morning', 'ã€', ""It's morning news"", 'ğŸ˜Š', 'Topical', 'ã€Œ', 'ChatGPT', 'ã€', 'Webinar on tomorrow', '3/9', 'ï¼ˆ', 'wood', 'ï¼‰', 'Nineteen Thirty', 'ï½', 'We will hold', 'ã€‚', 'Watch our 10-minute introductory video', 'ã€', 'If you are interested, please come by all means.', 'ã€‚', '#ChatGPT', 'ï¼Š', 'detail', 'ãƒ»', 'To apply, go to the video summary section', 'ã€‚']"
